media,form
starch casein agar,agar
starch casein broth,broth
LB broth,broth
potato dextrose broth,broth
LB base,broth
sabound glucose agar,agar
sabound dextrose broth,broth
marine broth,broth
soil extract agar,agar
Brain hearth infusion (BHI),broth
malt extract broth,broth
yeast malt broth,broth
ISP2 agar,agar
R2A broth,broth
ISP1,broth
Nitrate broth,broth
Marine agar,agar
Actinomyces broth,broth
vegetone infusion broth,broth
tryptic soy broth,broth
nutrient broth,broth
MH broth,broth
MHII broth,broth
dropout base,broth
